{
    "normals": [0.053468428552150726,0.729636549949646,0.6817224621772766,0.8409985899925232,-0.21042512357234955,0.4983977675437927,0.9179967641830444,-0.23154392838478088,-0.32190924882888794,0.18546098470687866,0.7378460168838501,-0.6489455699920654,-0.14450514316558838,0.9894711375236511,-0.0019531846046447754,0.08450575172901154,-0.5946226119995117,-0.7995238900184631,-0.02710043638944626,-0.6739097237586975,0.7382732629776001,-0.8681600093841553,-0.3097018301486969,0.3877071440219879,-0.7874385714530945,-0.300088495016098,-0.538377046585083,-0.3910946846008301,0.07300027459859848,0.9174169301986694,-0.2453077733516693,0.5767082571983337,0.7792291045188904,-0.23557236790657043,-0.6729636788368225,-0.7011322379112244,-0.29575487971305847,0.15741446614265442,-0.9421674013137817,-0.6807153820991516,0.6378368735313416,0.36020997166633606,-0.6418958306312561,0.6570024490356445,-0.395275741815567],
    "vertices": [-0.6197460889816284,0.9480882883071899,3.0429234504699707,-0.4163599908351898,1.4515290260314941,-3.3378965854644775,-1.1405962705612183,4.220143795013428,2.849717617034912,-0.4467484951019287,4.325228691101074,-3.286344528198242,2.672563314437866,1.6735304594039917,-1.8926883935928345,2.365839958190918,1.6735308170318604,2.432530403137207,-5.759738922119141,3.561187744140625,0.643746554851532,-5.6685380935668945,1.3993103504180908,1.143843650817871,-7.7271318435668945,1.521349549293518,0.49582117795944214,-7.584414482116699,1.521349549293518,-1.5166840553283691,-5.676022052764893,3.5492734909057617,-1.3814176321029663,-5.748217582702637,3.5586318969726562,0.6360886096954346,-5.542671203613281,1.4806331396102905,-2.1619162559509277,-5.626683712005615,3.5344200134277344,-1.3541899919509888,-5.6235504150390625,3.5326995849609375,-1.3529695272445679,-5.748072624206543,3.5569820404052734,0.636777400970459],
    "materials": [{
        "shading": "phong",
        "specularCoef": 50,
        "depthWrite": true,
        "colorSpecular": [1.0,1.0,1.0],
        "depthTest": true,
        "opacity": 0.0,
        "DbgColor": 15658734,
        "colorAmbient": [0.9563317894935608,0.005331892520189285,0.5964203476905823],
        "colorEmissive": [0.0,0.0,0.0],
        "wireframe": false,
        "DbgIndex": 0,
        "blending": "NormalBlending",
        "colorDiffuse": [0.9563317894935608,0.005331892520189285,0.5964203476905823],
        "visible": true,
        "transparent": false,
        "DbgName": "Material"
    }],
    "faces": [35,2,5,4,3,0,0,1,2,3,35,2,3,10,11,0,0,3,4,4,35,1,0,8,9,0,5,6,7,8,35,0,2,6,7,0,6,0,9,10,35,3,1,12,13,0,3,5,11,12,35,9,8,15,14,0,8,7,13,14,34,3,4,1,0,3,2,5,34,2,0,5,0,0,6,1,34,8,7,15,0,7,10,13,34,12,9,14,0,11,8,14,35,0,1,4,5,0,6,5,2,1,34,7,8,0,0,10,7,6,34,1,9,12,0,5,8,11],
    "metadata": {
        "normals": 15,
        "version": 3,
        "vertices": 16,
        "generator": "io_three",
        "materials": 1,
        "faces": 13,
        "type": "Geometry"
    },
    "name": "CubeGeometry.1"
}