{
    "normals": [0.6817224621772766,0.729636549949646,-0.053468428552150726,0.4983977675437927,-0.21042512357234955,-0.8409985899925232,-0.32190924882888794,-0.23154392838478088,-0.9179967641830444,-0.6489455699920654,0.7378460168838501,-0.18546098470687866,-0.0019531846046447754,0.9894711375236511,0.14450514316558838,-0.7995238900184631,-0.5946226119995117,-0.08450575172901154,0.7382732629776001,-0.6739097237586975,0.02710043638944626,0.3877071440219879,-0.3097018301486969,0.8681600093841553,-0.538377046585083,-0.300088495016098,0.7874385714530945,0.9174169301986694,0.07300027459859848,0.3910946846008301,0.7792291045188904,0.5767082571983337,0.2453077733516693,-0.7011322379112244,-0.6729636788368225,0.23557236790657043,-0.9421674013137817,0.15741446614265442,0.29575487971305847,0.36020997166633606,0.6378368735313416,0.6807153820991516,-0.395275741815567,0.6570024490356445,0.6418958306312561],
    "vertices": [3.0429234504699707,0.9480881690979004,0.6197455525398254,-3.3378965854644775,1.4515292644500732,0.416360467672348,2.849717855453491,4.220143795013428,1.140595555305481,-3.286344289779663,4.325229167938232,0.44674885272979736,-1.8926887512207031,1.6735305786132812,-2.672563314437866,2.432530164718628,1.6735305786132812,-2.365840435028076,0.6437475681304932,3.561188220977783,5.759737968444824,1.1438446044921875,1.3993103504180908,5.6685380935668945,0.4958224594593048,1.5213497877120972,7.727131366729736,-1.516682744026184,1.5213497877120972,7.584414958953857,-1.3814164400100708,3.54927396774292,5.676022529602051,0.6360896825790405,3.5586318969726562,5.7482171058654785,-2.1619153022766113,1.4806334972381592,5.5426716804504395,-1.3541887998580933,3.5344200134277344,5.626683712005615,-1.3529683351516724,3.5326995849609375,5.623550891876221,0.6367784142494202,3.5569820404052734,5.748072624206543],
    "materials": [{
        "shading": "phong",
        "specularCoef": 50,
        "depthWrite": true,
        "colorSpecular": [1.0,1.0,1.0],
        "depthTest": true,
        "opacity": 0.0,
        "DbgColor": 15658734,
        "colorAmbient": [0.9563317894935608,0.005331892520189285,0.5964203476905823],
        "colorEmissive": [0.0,0.0,0.0],
        "wireframe": false,
        "DbgIndex": 0,
        "blending": "NormalBlending",
        "colorDiffuse": [0.9563317894935608,0.005331892520189285,0.5964203476905823],
        "visible": true,
        "transparent": false,
        "DbgName": "Material"
    }],
    "faces": [35,2,5,4,3,0,0,1,2,3,35,2,3,10,11,0,0,3,4,4,35,1,0,8,9,0,5,6,7,8,35,0,2,6,7,0,6,0,9,10,35,3,1,12,13,0,3,5,11,12,35,9,8,15,14,0,8,7,13,14,34,3,4,1,0,3,2,5,34,2,0,5,0,0,6,1,34,8,7,15,0,7,10,13,34,12,9,14,0,11,8,14,35,0,1,4,5,0,6,5,2,1,34,7,8,0,0,10,7,6,34,1,9,12,0,5,8,11],
    "metadata": {
        "normals": 15,
        "version": 3,
        "vertices": 16,
        "generator": "io_three",
        "materials": 1,
        "faces": 13,
        "type": "Geometry"
    },
    "name": "CubeGeometry.1"
}