{
    "normals": [-0.10156559944152832,0.729636549949646,-0.6762291193008423,-0.8741416931152344,-0.21042512357234955,-0.4376354217529297,-0.8929105401039124,-0.23154392838478088,0.38605913519859314,-0.13907285034656525,0.7378460168838501,0.6604510545730591,0.14429152011871338,0.9894711375236511,-0.008239997550845146,-0.02774132415652275,-0.5946226119995117,0.8034912943840027,-0.025177769362926483,-0.6739097237586975,-0.7383648157119751,0.8385570645332336,-0.3097018301486969,-0.44813379645347595,0.8235419988632202,-0.300088495016098,0.48133793473243713,0.3252357542514801,0.07300027459859848,-0.9428083300590515,0.1895809769630432,0.5767082571983337,-0.7946104407310486,0.2845850884914398,-0.6729636788368225,0.6826990842819214,0.36167484521865845,0.15741446614265442,0.9188817739486694,0.6535233855247498,0.6378368735313416,-0.40745261311531067,0.6682637929916382,0.6570024490356445,0.3488570749759674],
    "vertices": [0.4735570549964905,0.8670515418052673,-3.6187286376953125,0.765588104724884,1.4587160348892212,3.878389358520508,1.1002092361450195,4.712502479553223,-3.435534715652466,0.7969263792037964,4.836003303527832,3.8154284954071045,-2.975689649581909,1.719620943069458,2.4409704208374023,-2.975689172744751,1.719620704650879,-2.654965400695801,6.698601245880127,3.9380712509155273,-1.2334890365600586,6.550112724304199,1.3973459005355835,-1.812168836593628,9.017266273498535,1.5407713651657104,-1.2236326932907104,9.017266273498535,1.5407713651657104,1.147483468055725,6.768819808959961,3.9240689277648926,1.1475623846054077,6.685731887817383,3.9350671768188477,-1.2235538959503174,6.677378177642822,1.4929202795028687,2.0736241340637207,6.708716869354248,3.9066128730773926,1.1197452545166016,6.70494270324707,3.904590606689453,1.118574857711792,6.68550443649292,3.9331283569335938,-1.2243492603302002],
    "materials": [{
        "shading": "phong",
        "specularCoef": 50,
        "depthWrite": true,
        "colorSpecular": [1.0,1.0,1.0],
        "depthTest": true,
        "opacity": 0.0,
        "DbgColor": 15658734,
        "colorAmbient": [0.9563317894935608,0.005331892520189285,0.5964203476905823],
        "colorEmissive": [0.0,0.0,0.0],
        "wireframe": false,
        "DbgIndex": 0,
        "blending": "NormalBlending",
        "colorDiffuse": [0.9563317894935608,0.005331892520189285,0.5964203476905823],
        "visible": true,
        "transparent": false,
        "DbgName": "Material"
    }],
    "faces": [35,2,5,4,3,0,0,1,2,3,35,2,3,10,11,0,0,3,4,4,35,1,0,8,9,0,5,6,7,8,35,0,2,6,7,0,6,0,9,10,35,3,1,12,13,0,3,5,11,12,35,9,8,15,14,0,8,7,13,14,34,3,4,1,0,3,2,5,34,2,0,5,0,0,6,1,34,8,7,15,0,7,10,13,34,12,9,14,0,11,8,14,35,0,1,4,5,0,6,5,2,1,34,7,8,0,0,10,7,6,34,1,9,12,0,5,8,11],
    "metadata": {
        "normals": 15,
        "version": 3,
        "vertices": 16,
        "generator": "io_three",
        "materials": 1,
        "faces": 13,
        "type": "Geometry"
    },
    "name": "CubeGeometry"
}