{
    "metadata": {
        "normals": 32,
        "type": "Geometry",
        "vertices": 100,
        "materials": 1,
        "uvs": 0,
        "version": 3,
        "generator": "io_three",
        "faces": 102
    },
    "uvs": [],
    "normals": [0.0,-0.7070833444595337,-0.7070833444595337,0.0,-0.7070833444595337,0.7070833444595337,-0.9976806044578552,0.06769005209207535,0.006317331455647945,-0.9998779296875,0.01388592179864645,-0.0002136295661330223,0.0,0.7070833444595337,-0.7070833444595337,-0.9998779296875,-0.01388592179864645,-0.0002441480755805969,-0.9976806044578552,-0.06769005209207535,0.006317331455647945,0.0,0.7070833444595337,0.7070833444595337,-0.3014923632144928,0.904507577419281,0.3014923632144928,0.7070833444595337,0.7070833444595337,0.0,0.5773491859436035,0.5773491859436035,-0.5773186683654785,-0.3014923632144928,-0.904507577419281,0.3014923632144928,0.5773186683654785,-0.5773186683654785,-0.5773491859436035,0.7070833444595337,-0.7070833444595337,0.0,-0.7070833444595337,-0.7070833444595337,0.0,-0.7070833444595337,0.7070833444595337,0.0,-0.3014923632144928,-0.904507577419281,-0.3014923632144928,0.5773491859436035,-0.5773491859436035,0.5773186683654785,-0.3014923632144928,0.904507577419281,-0.3014923632144928,0.5773491859436035,0.5773186683654785,0.5773491859436035,0.3014923632144928,0.904507577419281,-0.3014923632144928,-0.5773491859436035,0.5773491859436035,0.5773491859436035,0.3014923632144928,-0.904507577419281,-0.3014923632144928,-0.5773491859436035,-0.5773491859436035,0.5773491859436035,0.3014923632144928,-0.904507577419281,0.3014923632144928,-0.5773491859436035,-0.5773491859436035,-0.5773491859436035,0.3014923632144928,0.904507577419281,0.3014923632144928,-0.5773491859436035,0.5773491859436035,-0.5773491859436035,0.9962462186813354,0.08584856986999512,0.00799584947526455,0.9998779296875,0.014526810497045517,-0.0002441480755805969,0.9998779296875,-0.014526810497045517,-0.0002441480755805969,0.9962462186813354,-0.08587908744812012,0.008026367984712124],
    "name": "CubeGeometry",
    "vertices": [1.5411782264709473,-0.13029438257217407,-1.5411783456802368,1.5411782264709473,-0.13029423356056213,1.5411783456802368,-1.541178584098816,-0.13029423356056213,1.5411779880523682,-1.541177749633789,-0.13029438257217407,-1.5411789417266846,1.5411790609359741,0.13029423356056213,-1.5411776304244995,1.5411773920059204,0.13029438257217407,1.5411792993545532,-1.5411789417266846,0.13029438257217407,1.541177749633789,-1.5411782264709473,0.13029423356056213,-1.5411783456802368,5.146793842315674,-0.13029372692108154,-1.5411773920059204,5.146793842315674,-0.1302935779094696,1.5411794185638428,5.146794319152832,0.13029488921165466,-1.5411765575408936,5.146792411804199,0.1302950382232666,1.5411803722381592,9.565704345703125,-0.13029056787490845,-1.5411760807037354,9.565704345703125,-0.1302904188632965,1.5411807298660278,9.565705299377441,0.13029804825782776,-1.541175365447998,9.565702438354492,0.1302981972694397,1.5411816835403442,13.035768508911133,-0.1302856206893921,-1.5411747694015503,13.035768508911133,-0.13028547167778015,1.541182041168213,13.035770416259766,0.13030299544334412,-1.541174054145813,13.035768508911133,0.13030314445495605,1.5411829948425293,17.048030853271484,-0.13029688596725464,-1.5411738157272339,17.048030853271484,-0.1302967369556427,1.5411829948425293,17.048032760620117,0.13029173016548157,-1.5411731004714966,17.048030853271484,0.1302918791770935,1.5411838293075562,21.683822631835938,-0.13031011819839478,-1.541172742843628,21.683822631835938,-0.13030996918678284,1.5411840677261353,21.683822631835938,0.13027849793434143,-1.5411720275878906,21.683822631835938,0.13027864694595337,1.541184902191162,26.021404266357422,-0.13032251596450806,-1.5411717891693115,26.021404266357422,-0.13032236695289612,1.5411851406097412,26.021406173706055,0.13026610016822815,-1.5411709547042847,26.021404266357422,0.1302662491798401,1.5411860942840576,21.683822631835938,-0.13032351434230804,5.390787124633789,21.683822631835938,0.13026510179042816,5.3907880783081055,26.021404266357422,-0.13033591210842133,5.390788555145264,26.021404266357422,0.13025270402431488,5.39078950881958,21.683822631835938,-0.13033729791641235,9.294610977172852,21.683822631835938,0.13025131821632385,9.294611930847168,26.021404266357422,-0.13034969568252563,9.294611930847168,26.021404266357422,0.13023892045021057,9.294612884521484,21.683822631835938,-0.1303476244211197,12.954445838928223,21.683822631835938,0.13024099171161652,12.954445838928223,26.021404266357422,-0.13036003708839417,12.954446792602539,26.021404266357422,0.13022857904434204,12.954448699951172,21.683822631835938,-0.1303604394197464,17.481796264648438,21.683822631835938,0.1302281767129898,17.481796264648438,26.021404266357422,-0.13037283718585968,17.481796264648438,26.021404266357422,0.13021577894687653,17.48179817199707,16.505834579467773,-0.1303476244211197,12.954445838928223,16.505834579467773,0.13024099171161652,12.954445838928223,16.505834579467773,-0.1303604394197464,17.481796264648438,16.505834579467773,0.1302281767129898,17.481796264648438,10.839868545532227,-0.1303476244211197,12.954445838928223,10.839868545532227,0.13024099171161652,12.954445838928223,10.839868545532227,-0.1303604394197464,17.481796264648438,10.839868545532227,0.1302281767129898,17.481796264648438,5.932979583740234,-0.1303476244211197,12.954445838928223,5.932979583740234,0.13024099171161652,12.954445838928223,5.932979583740234,-0.1303604394197464,17.481796264648438,5.932979583740234,0.1302281767129898,17.481796264648438,-0.05830368772149086,-0.1303476244211197,12.954445838928223,-0.05830368772149086,0.13024099171161652,12.954445838928223,-0.05830368772149086,-0.1303604394197464,17.481796264648438,-0.05830368772149086,0.1302281767129898,17.481796264648438,-6.429125785827637,-0.1303476244211197,12.954445838928223,-6.429125785827637,0.13024099171161652,12.954445838928223,-6.429125785827637,-0.1303604394197464,17.481796264648438,-6.429125785827637,0.1302281767129898,17.481796264648438,-11.06491470336914,-0.1303476244211197,12.954445838928223,-11.06491470336914,0.13024099171161652,12.954445838928223,-11.06491470336914,-0.1303604394197464,17.481796264648438,-11.06491470336914,0.1302281767129898,17.481796264648438,-15.429606437683105,-0.1303476244211197,12.954445838928223,-15.429606437683105,0.13024099171161652,12.954445838928223,-15.429606437683105,-0.1303604394197464,17.481796264648438,-15.429606437683105,0.1302281767129898,17.481796264648438,-11.06491470336914,-0.13034780323505402,8.987910270690918,-11.06491470336914,0.1302408128976822,8.987910270690918,-15.429606437683105,-0.13034780323505402,8.987910270690918,-15.429606437683105,0.1302408128976822,8.987910270690918,-11.06491470336914,-0.13034795224666595,5.345173358917236,-11.06491470336914,0.13024066388607025,5.345173358917236,-15.429606437683105,-0.13034795224666595,5.345173358917236,-15.429606437683105,0.13024066388607025,5.345173358917236,-11.06491470336914,-0.1303481012582779,1.9452857971191406,-11.06491470336914,0.1302405148744583,1.9452857971191406,-15.429606437683105,-0.1303481012582779,1.9452857971191406,-15.429606437683105,0.1302405148744583,1.9452857971191406,-11.06491470336914,-0.13034826517105103,-1.6165013313293457,-11.06491470336914,0.13024035096168518,-1.6165013313293457,-15.429606437683105,-0.13034826517105103,-1.6165013313293457,-15.429606437683105,0.13024035096168518,-1.6165013313293457,-7.584077835083008,-0.1303481012582779,1.9452857971191406,-7.584077835083008,0.1302405148744583,1.9452857971191406,-7.584077835083008,-0.13034826517105103,-1.6165013313293457,-7.584077835083008,0.13024035096168518,-1.6165013313293457,-4.9127373695373535,-0.1303481012582779,1.9452857971191406,-4.9127373695373535,0.1302405148744583,1.9452857971191406,-4.9127373695373535,-0.13034826517105103,-1.6165013313293457,-4.9127373695373535,0.13024035096168518,-1.6165013313293457],