{
    "metadata": {
        "uvs": 0,
        "materials": 1,
        "faces": 24,
        "generator": "io_three",
        "vertices": 26,
        "version": 3,
        "normals": 18,
        "type": "Geometry"
    },
    "uvs": [],
    "materials": [{
        "DbgIndex": 0,
        "transparent": false,
        "colorDiffuse": [0.6400000190734865,0.6400000190734865,0.6400000190734865],
        "depthWrite": true,
        "blending": "NormalBlending",
        "colorEmissive": [0.0,0.0,0.0],
        "depthTest": true,
        "DbgName": "Material",
        "opacity": 0.0,
        "specularCoef": 50,
        "shading": "phong",
        "DbgColor": 15658734,
        "visible": true,
        "wireframe": false,
        "colorAmbient": [0.6400000190734865,0.6400000190734865,0.6400000190734865],
        "colorSpecular": [0.5,0.5,0.5]
    }],
    "faces": [35,8,1,2,9,0,0,1,2,3,35,10,11,6,5,0,4,5,6,7,35,8,10,5,1,0,0,4,7,1,35,1,5,6,2,0,1,7,6,2,35,9,11,7,3,0,3,5,8,3,35,0,8,9,3,0,0,0,3,3,35,11,10,14,15,0,5,4,7,6,35,0,4,10,8,0,0,9,4,0,35,2,6,11,9,0,2,6,5,3,35,12,13,15,14,0,10,11,6,7,35,10,4,12,14,0,4,9,10,7,35,7,11,15,13,0,8,5,6,11,35,18,16,17,19,0,12,13,14,15,35,20,21,22,23,0,16,15,12,17,35,19,20,23,18,0,15,16,17,12,35,24,20,19,17,0,3,16,15,14,35,23,25,16,18,0,17,0,13,12,35,25,24,17,16,0,0,3,14,13,35,12,4,23,22,0,10,9,17,12,35,7,13,21,20,0,8,11,15,16,35,13,12,22,21,0,11,10,12,15,35,3,7,20,24,0,3,8,16,3,35,4,0,25,23,0,9,0,0,17,35,0,3,24,25,0,0,3,3,0],
    "normals": [0.7070833444595337,-0.7070833444595337,0.0,0.5773491859436035,-0.5773491859436035,0.5773491859436035,-0.5773491859436035,-0.5773491859436035,0.5773491859436035,-0.7070833444595337,-0.7070833444595337,0.0,0.904507577419281,0.3014923632144928,0.3014923632144928,-0.904507577419281,0.3014923632144928,0.3014923632144928,-0.5773491859436035,0.5773491859436035,0.5773491859436035,0.5773491859436035,0.5773491859436035,0.5773491859436035,-1.0,0.0,0.0,1.0,0.0,0.0,0.7070833444595337,0.7070833444595337,0.0,-0.7070833444595337,0.7070833444595337,0.0,0.5773491859436035,0.5773491859436035,-0.5773491859436035,0.5773491859436035,-0.5773491859436035,-0.5773491859436035,-0.5773491859436035,-0.5773491859436035,-0.5773491859436035,-0.5773491859436035,0.5773491859436035,-0.5773491859436035,-0.904507577419281,0.3014923632144928,-0.3014923632144928,0.904507577419281,0.3014923632144928,-0.3014923632144928],
    "vertices": [0.7683827877044678,-0.39965134859085083,-0.8534368276596069,0.7683827877044678,-0.39965128898620605,0.8534368276596069,-0.7683829665184021,-0.39965128898620605,0.8534366488456726,-0.7683825492858887,-0.39965134859085083,-0.8534371256828308,0.7683832049369812,0.39965128898620605,-0.8534364104270935,0.7683823704719543,0.39965134859085083,0.8534373641014099,-0.7683831453323364,0.39965134859085083,0.8534365296363831,-0.7683827877044678,0.39965128898620605,-0.8534368276596069,0.7683827877044678,-0.39965131878852844,1.7469314883555853e-08,-0.768382728099823,-0.39965131878852844,-1.8600587736727903e-07,0.768382728099823,0.39965131878852844,3.894810731708276e-07,-0.7683829665184021,0.39965131878852844,-1.700757081835036e-07,0.7683832049369812,1.0688945055007935,-0.8534364700317383,-0.7683827877044678,1.0688945055007935,-0.8534368872642517,0.768382728099823,1.0688945055007935,3.6022754557052394e-07,-0.7683829665184021,1.0688945055007935,-1.9932924999466195e-07,0.7683831453323364,-0.39965111017227173,-2.3000361919403076,-0.7683823108673096,-0.39965111017227173,-2.3000364303588867,0.7683835029602051,0.39965155720710754,-2.3000357151031494,-0.7683825492858887,0.39965155720710754,-2.3000361919403076,-0.7683826088905334,0.399651437997818,-1.8178364038467407,-0.7683826088905334,1.0688945055007935,-1.8178364038467407,0.7683833837509155,1.0688945055007935,-1.817836046218872,0.7683833837509155,0.399651437997818,-1.817836046218872,-0.7683823704719543,-0.3996512293815613,-1.8178366422653198,0.7683830261230469,-0.3996512293815613,-1.8178364038467407],
    "name": "CubeGeometry"
}